{
  "intrinsic_matrix": [
    [
      1427.7169454279249,
      0.0,
      961.2665539110614
    ],
    [
      0.0,
      1432.9925230572524,
      550.7879303021028
    ],
    [
      0.0,
      0.0,
      1.0
    ]
  ],
  "distortion_vector": [
    [
      0.04979908259392484,
      -0.17137584361280425,
      -0.002359029996449536,
      -0.0013121513644817743,
      0.11966285178185067
    ]
  ]
}