{"reference_rvec": [[-2.2035062406851695, -2.225176286896454, -0.05823624544160589]], "reference_tvec": [[0.09436877119471135, -0.1071937726970176, 0.4491051691931947]], "plane_normal": [-0.03303483153993648, -0.013938153915926343, 0.9993570071653795], "plane_d": -0.0007201759141525475, "camera_matrix": [[1427.7169454279249, 0.0, 961.2665539110614], [0.0, 1432.9925230572524, 550.7879303021028], [0.0, 0.0, 1.0]], "distortion_coeffs": [[0.04979908259392484, -0.17137584361280425, -0.002359029996449536, -0.0013121513644817743, 0.11966285178185067]]}