{"projection_matrix": [[-3.7200656500806466e-05, 0.00022566629460166353, -0.0001894383979794302], [0.0005186928402036944, -0.0031463929851824153, 0.0026211212754756476], [0.0004424553110123263, 0.008033526768273768, -0.008459140814788664]], "plane_normal": [-0.02516761338294788, -0.0033475023584425, 0.9996776407745483], "plane_d": -3.3914424114983924e-05}